competencia;uf;registros;admissoes;desligamentos;remuneracao_media;remuneracao_mediana;saldo_empregos
202507;35;23807;12496;11311;7055.593760485604;4399.76;1185
202507;31;5728;2924;2804;4170.59395909806;2310.0;120
202507;42;3859;1967;1892;4719.602946058091;2800.0;75
202507;33;3655;1979;1676;4848.874338174843;2643.43;303
202507;43;3617;1819;1798;4953.895134237476;2801.03;21
202507;41;3511;1801;1710;4217.504611872147;2534.9;91
202507;53;2032;1026;1006;6121.585800887136;4186.53;20
202507;29;1428;716;712;3187.816433076384;1720.0;4
202507;23;1304;681;623;3757.583366795367;2086.33;58
202507;52;1283;605;678;2934.067035881435;2026.045;-73
202507;26;1257;708;549;4155.139578025477;2300.0;159
202507;32;1052;565;487;3948.567533333333;2303.605;78
202507;15;831;429;402;2405.108206060606;1780.0;27
202507;51;828;469;359;3010.3142666666668;2205.0;110
202507;13;579;243;336;3386.610886956522;2200.0;-93
202507;50;534;281;253;3205.524146341464;2079.29;28
202507;21;389;190;199;2279.023505154639;1694.155;-9
202507;25;377;198;179;2673.093978779841;1792.5;19
202507;24;337;169;168;2541.2606231454006;1725.23;1
202507;22;302;185;117;2332.919102990033;1832.55;68
202507;28;255;130;125;2646.887401574804;1769.4;5
202507;27;203;103;100;2093.429261083744;1555.65;3
202507;11;201;107;94;2209.42655;1714.8;13
202507;17;180;89;91;2450.956;1940.935;-2
202507;16;86;48;38;1845.9264705882356;1571.13;10
202507;12;74;23;51;1723.1002702702704;1518.0;-28
202507;14;51;29;22;1648.759411764706;1518.0;7
202508;35;24724;12707;12017;7170.466975035519;4500.0;690
202508;31;5535;2832;2703;4222.80025520362;2352.09;129
202508;33;4011;2071;1940;5154.479492880339;2619.13;131
202508;43;3615;1904;1711;4881.741951760466;2760.87;193
202508;42;3531;1817;1714;4815.153129965947;3000.0;103
202508;41;3503;1752;1751;4411.172981099657;2800.0;1
202508;53;1895;1043;852;5661.376408898305;4000.0;191
202508;29;1541;814;727;3047.149509609013;1820.52;87
202508;23;1396;746;650;3532.086548736462;2060.0;96
202508;52;1355;680;675;2881.4252736686394;2000.0;5
202508;26;1344;661;683;4122.193462397618;2484.85;-22
202508;32;997;470;527;4021.7029949748735;2352.09;-57
202508;51;871;520;351;3199.672574712644;2284.105;169
202508;15;754;422;332;2253.9654133333333;1750.0;90
202508;13;591;330;261;3443.289424703892;2300.0;69
202508;50;540;223;317;2665.209481481482;1904.0;-94
202508;21;403;219;184;2039.712258064516;1609.29;35
202508;25;380;211;169;2743.456526315789;1875.14;42
202508;22;309;167;142;2413.412084690554;1753.6;25
202508;24;301;175;126;2251.342524916944;1666.8;49
202508;28;252;147;105;2604.285992063492;1700.0;42
202508;27;227;106;121;2603.298281938326;1719.0;-15
202508;11;212;106;106;2380.8232701421803;1688.0;0
202508;17;180;89;91;2194.0540223463686;1778.45;-2
202508;16;106;65;41;1920.149523809524;1533.18;24
202508;12;82;54;28;1561.649268292683;1518.0;26
202508;14;58;33;25;2315.9994827586206;1644.65;8
202509;35;24683;12676;12007;7315.158667993664;4714.65;669
202509;31;5407;2816;2591;4309.46851083534;2500.0;225
202509;33;3799;2010;1789;4680.780676493814;2516.0;221
202509;42;3769;1996;1773;4767.489716029724;2800.0;223
202509;41;3432;1735;1697;4354.488705916642;2607.72;38
202509;43;3308;1849;1459;5068.834247279323;2816.23;390
202509;53;1837;971;866;5911.39458900381;3871.81;105
202509;29;1456;823;633;3026.5922199312718;1800.0;190
202509;26;1381;775;606;3847.353282608696;2200.0;169
202509;23;1371;715;656;3334.408559882439;2003.91;59
202509;52;1338;617;721;3003.6800674157303;2091.4;-104
202509;32;989;533;456;3695.970839231547;2110.12;77
202509;51;803;417;386;3388.243408239701;2200.0;31
202509;15;677;390;287;2437.3799113737077;1750.0;103
202509;50;617;311;306;2566.35301458671;1857.0;5
202509;13;484;249;235;3900.761590909091;2251.12;14
202509;25;426;240;186;2951.2156941176468;2003.4;54
202509;21;405;215;190;2176.443688118812;1635.25;25
202509;24;370;199;171;3130.563125;1795.05;28
202509;22;328;168;160;2406.9382926829267;1885.25;8
202509;28;273;153;120;2254.201721611721;1635.0;33
202509;27;229;125;104;2113.25729257642;1564.0;21
202509;11;210;109;101;2058.8433971291865;1700.0;8
202509;17;196;100;96;2230.241683673469;1720.0;4
202509;14;97;66;31;1476.4648453608247;1518.0;35
202509;16;85;39;46;1877.033529411765;1533.18;-7
202509;12;72;37;35;2073.8225;1588.56;2
202510;35;25753;13225;12528;7070.062401075982;4332.28;697
202510;31;5610;2961;2649;4313.018362531283;2400.0;312
202510;33;3963;2026;1937;4756.083506953224;2516.0;89
202510;42;3804;1929;1875;4792.616094736843;2950.0;54
202510;41;3704;1801;1903;4301.109564747228;2589.01;-102
202510;43;3516;1834;1682;5079.172129418472;2894.67;152
202510;53;1916;918;998;6013.892635699374;4014.08;-80
202510;26;1554;864;690;3841.660587096774;2200.0;174
202510;29;1440;744;696;3276.328853370396;1800.0;48
202510;23;1409;726;683;4041.155192582026;2105.735;43
202510;52;1351;658;693;2946.835337286879;2000.0;-35
202510;32;1050;590;460;3848.1396377502383;2219.48;130
202510;13;772;375;397;3329.2721660181583;2368.3;-22
202510;51;752;334;418;3031.279027962716;2277.0;-84
202510;15;744;397;347;2417.1853387533874;1842.44;50
202510;50;541;258;283;2773.848611111111;2000.0;-25
202510;21;393;183;210;2529.933740458015;1637.06;-27
202510;28;386;201;185;2573.0258808290155;1837.5;16
202510;24;364;182;182;2624.4080991735536;1760.0;0
202510;25;362;164;198;3068.6725484764543;2000.0;-34
202510;22;341;173;168;2247.891794117647;1800.0;5
202510;27;249;151;98;2149.511967871486;1620.0;53
202510;11;238;122;116;2356.092735042735;1700.0;6
202510;17;162;77;85;2350.2256172839507;1873.36;-8
202510;16;85;44;41;2138.5962352941174;1533.18;3
202510;14;68;29;39;2112.9955882352942;1732.15;-10
202510;12;65;34;31;1835.338125;1598.76;3
202511;35;21461;11798;9663;7150.320579466331;4486.12;2135
202511;31;4839;2622;2217;4303.416941687345;2477.88;405
202511;42;3328;1778;1550;4872.222603728203;2980.4;228
202511;33;3236;1690;1546;4696.788986089644;2516.0;144
202511;41;3217;1663;1554;4461.668227060653;2662.56;109
202511;43;3129;1594;1535;5154.188772770854;2982.92;59
202511;53;1788;971;817;5444.813116955791;3305.35;154
202511;29;1416;786;630;2956.4508268551235;1781.81;156
202511;23;1249;673;576;4125.877708333333;2200.0;97
202511;26;1180;664;516;4285.798753180662;2528.73;148
202511;52;1142;601;541;2856.5372655565293;2002.0;60
202511;32;881;449;432;3801.75735763098;2179.99;17
202511;51;651;345;306;3043.741953846154;2200.0;39
202511;15;526;264;262;2522.845067178503;1843.61;2
202511;13;467;234;233;3446.775760171306;2032.67;1
202511;50;443;229;214;2746.2228280542986;1869.16;15
202511;21;398;212;186;2348.475879396985;1700.0;26
202511;22;360;157;203;2265.081504178273;1800.0;-46
202511;24;359;191;168;2234.103770949721;1703.8;23
202511;25;340;182;158;3139.370383480826;1963.0;24
202511;28;220;102;118;2428.402363636364;1700.0;-16
202511;27;192;92;100;2258.1890104166664;1599.38;-8
202511;11;180;93;87;2315.252555555556;1725.5;6
202511;17;150;76;74;2309.86033557047;1818.07;2
202511;16;83;53;30;2032.5455421686747;1571.13;23
202511;14;61;33;28;2350.0431147540985;1621.93;5
202511;12;28;12;16;2706.758214285714;1882.93;-4
202512;35;18528;8746;9782;6939.909638560745;4026.74;-1036
202512;31;4238;2010;2228;4240.224462556106;2500.0;-218
202512;33;4085;1460;2625;4665.0297770154375;2502.4;-1165
202512;43;3145;1298;1847;4373.326260731319;2479.98;-549
202512;42;3040;1235;1805;4203.47934431631;2406.76;-570
202512;41;2977;1201;1776;3915.4214079301073;2417.025;-575
202512;53;1509;795;714;6174.56899800929;4840.0;81
202512;26;1426;740;686;4398.51549088359;2710.0;54
202512;29;1407;595;812;2986.643063255153;1740.53;-217
202512;23;1122;461;661;3387.8991354723707;1844.9;-200
202512;52;1103;511;592;2809.8447144152315;2000.0;-81
202512;32;897;410;487;3778.0226450892856;2100.0;-77
202512;15;607;225;382;2251.924483333333;1764.25;-157
202512;51;587;305;282;3228.264037478705;2129.0;23
202512;13;503;194;309;3084.3072962226643;2168.71;-115
202512;21;419;181;238;2240.3215751789976;1743.54;-57
202512;25;382;149;233;2739.5364136125654;1842.77;-84
202512;50;380;141;239;2579.3880494505493;1921.0;-98
202512;24;375;140;235;1985.4783109919567;1609.29;-95
202512;22;280;129;151;2023.54375;1826.1;-22
202512;28;272;98;174;2521.1950740740745;1797.71;-76
202512;27;241;87;154;2250.0921991701243;1609.29;-67
202512;11;166;89;77;2092.442831325301;1710.0;12
202512;17;127;59;68;2325.6585826771657;1960.25;-9
202512;16;108;48;60;2414.333333333333;1739.05;-12
202512;14;68;13;55;1927.3102941176471;1739.05;-42
202512;12;35;21;14;2493.2574285714286;1706.0;7
202601;35;23016;11904;11112;7138.079940272289;4169.025;792
202601;31;4947;2456;2491;4326.454410329402;2408.57;-35
202601;42;3479;1880;1599;4591.061717435451;2761.03;281
202601;41;3337;1702;1635;4305.687043269231;2602.6;67
202601;33;3335;1711;1624;5111.643080397471;2625.0;87
202601;43;3290;1771;1519;4903.337374199451;2800.0;252
202601;53;2202;923;1279;6808.2058;6162.95;-356
202601;29;1810;1016;794;4565.35179501385;2000.0;222
202601;26;1485;866;619;3889.069079214624;2300.0;247
202601;23;1254;638;616;3338.127849720224;1950.0;22
202601;52;1196;619;577;2786.1868465430016;2000.0;42
202601;32;1018;602;416;4624.841605911331;2345.0;186
202601;15;738;377;361;2389.335;1785.85;16
202601;51;698;367;331;2802.475775862069;2165.49;36
202601;25;534;163;371;3035.0779661016945;1989.0;-208
202601;13;479;274;205;3555.1391295116773;2231.56;69
202601;21;418;234;184;2075.1339371980675;1705.0;50
202601;50;407;208;199;2887.044054054054;2000.0;9
202601;24;359;188;171;2221.219192200557;1638.66;17
202601;28;342;205;137;2419.183235294118;1800.0;68
202601;22;272;155;117;2325.7671111111117;1779.395;38
202601;27;265;137;128;2478.5810943396227;1622.73;9
202601;11;215;106;109;2421.282910798122;1700.0;-3
202601;17;202;90;112;2270.3901485148517;1873.36;-22
202601;16;83;43;40;2642.255421686747;1721.0;3
202601;12;62;22;40;2122.4016129032257;1750.0;-18
202601;14;53;35;18;2009.617924528302;1732.15;17
202602;35;22286;11106;11180;6767.772125124131;3792.33;-74
202602;31;4632;2410;2222;4159.492124756335;2365.13;188
202602;42;3588;1810;1778;4556.659025755879;2769.915;32
202602;41;3317;1591;1726;4113.947154938085;2600.0;-135
202602;33;3204;1570;1634;4699.394161704795;2516.0;-64
202602;43;3110;1660;1450;4521.755967064902;2635.0;210
202602;53;1946;991;955;6266.151616580311;5000.0;36
202602;26;1437;797;640;3800.302634898389;2168.69;157
202602;29;1334;638;696;2841.84841472577;1728.73;-58
202602;52;1242;631;611;3247.08716357776;2050.0;20
202602;23;1199;624;575;3534.224380791912;1914.8;49
202602;32;1054;576;478;4395.0248233046805;2276.55;98
202602;51;770;410;360;2871.3616949152542;2238.48;50
202602;15;674;359;315;2406.525302114804;1774.05;44
202602;50;580;316;264;2243.097478411053;1843.03;52
202602;13;567;260;307;3853.736975088968;2585.48;-47
202602;25;405;218;187;2597.4455472636814;1800.0;31
202602;21;368;196;172;2839.745803814714;1802.0;24
202602;24;354;185;169;2422.007809798271;1900.0;16
202602;28;315;172;143;2533.133216560509;1720.11;29
202602;22;273;148;125;2678.067216117216;1723.7;23
202602;11;258;131;127;1934.217007874016;1730.75;4
202602;17;223;111;112;2236.174304932736;1881.25;-1
202602;27;204;95;109;2452.6979802955666;1719.0;-14
202602;12;98;59;39;1987.3747959183677;1621.0;20
202602;16;83;46;37;2251.4736144578314;1621.0;9
202602;14;56;22;34;1978.5587272727275;1621.0;-12
202603;35;24476;12520;11956;7202.888895594696;4146.67;564
202603;31;5649;2850;2799;4219.917583274274;2364.5950000000003;51
202603;33;3949;2136;1813;4491.9000659229205;2354.785;323
202603;42;3942;2070;1872;4677.478756976155;2845.5;198
202603;41;3720;1822;1898;4297.713593539704;2640.0;-76
202603;43;3455;1829;1626;4744.281236247829;2750.0;203
202603;53;1999;1019;980;6208.091947921883;5000.0;39
202603;29;1642;894;748;2892.862826617826;1700.0;146
202603;26;1501;824;677;3624.430781041389;2145.255;147
202603;52;1318;633;685;3052.070151975684;2091.275;-52
202603;23;1279;710;569;3531.9239937353173;2000.0;141
202603;32;1168;630;538;3710.314137339056;2134.94;92
202603;51;769;418;351;2984.651419270833;2300.0;67
202603;15;655;330;325;2423.0204761904765;1780.0;5
202603;50;560;303;257;2669.9435009310987;1960.0;46
202603;13;558;273;285;4090.896379928316;2514.32;-12
202603;21;494;274;220;2210.834271255061;1721.0;54
202603;25;422;213;209;2835.1185273159144;1881.89;4
202603;28;388;208;180;2054.6986082474227;1704.53;28
202603;24;315;163;152;2235.328662420382;1726.54;11
202603;22;313;164;149;3009.2595145631067;1714.32;15
202603;27;270;117;153;2547.9786666666664;1651.155;-36
202603;11;269;146;123;2088.0246641791045;1773.0;23
202603;17;227;119;108;2274.0258149779734;1951.45;11
202603;16;142;96;46;2543.282042253521;1621.0;50
202603;12;89;44;45;2100.5994382022477;1621.0;-1
202603;14;84;45;39;1705.622738095238;1621.0;6
202604;35;24252;12251;12001;7495.704304830557;4409.655000000001;250
202604;31;5448;2808;2640;4548.776147631289;2500.0;168
202604;41;3795;1808;1987;4474.455155590717;2650.735;-179
202604;42;3664;1760;1904;5131.931289265228;3074.48;-144
202604;33;3597;1827;1770;4727.440506117909;2500.9300000000003;57
202604;43;3450;1843;1607;5191.470895652174;3000.0;236
202604;53;1833;958;875;5811.914469365427;4500.0;83
202604;26;1538;835;703;3865.423889250814;2204.69;132
202604;29;1521;807;714;3088.641495388669;1760.0;93
202604;23;1346;697;649;3764.5939553903354;2039.8;48
202604;52;1219;605;614;3366.5859277504105;2106.5;-9
202604;32;1065;556;509;3816.1617276995303;2270.64;47
202604;51;690;368;322;2834.1924238026127;2288.48;46
202604;15;624;295;329;2527.131701444622;1813.35;-34
202604;13;576;275;301;3745.814417391304;2371.45;-26
202604;50;517;231;286;2493.5625531914893;1957.87;-55
202604;22;369;178;191;2171.109287671233;1801.0;-13
202604;25;365;192;173;2604.6635989010992;1721.73;19
202604;21;336;167;169;2422.3960714285718;1754.29;-2
202604;24;332;183;149;2304.910121580547;1726.34;34
202604;28;320;173;147;2419.391536050157;1737.19;26
202604;27;253;149;104;2644.4395256917;1634.21;45
202604;11;213;98;115;2199.6481690140845;1773.0;-17
202604;17;187;93;94;2248.063422459893;2000.0;-1
202604;12;69;33;36;1862.3089855072465;1621.0;-3
202604;16;62;33;29;2381.5835483870965;1671.5;4
202604;14;47;26;21;2008.3436170212765;1732.15;5
202604;99;2;2;0;2809.0;2809.0;2
202605;35;21852;10672;11180;7436.322899331951;4485.62;-508
202605;31;5099;2537;2562;4473.28352004717;2500.0;-25
202605;33;3500;1733;1767;4877.265704064111;2571.575;-34
202605;41;3337;1578;1759;4429.732316926771;2700.0;-181
202605;42;3311;1599;1712;4996.8626164549305;3000.0;-113
202605;43;3008;1499;1509;5260.065286094477;3000.0;-10
202605;53;2065;977;1088;6500.8069346246975;5000.0;-111
202605;29;1379;708;671;2816.9751235465114;1765.865;37
202605;23;1317;651;666;3466.6696027501907;2049.75;-15
202605;26;1309;680;629;3999.5940446841296;2339.09;51
202605;52;1199;596;603;3109.5791569282137;2005.32;-7
202605;32;1076;573;503;4289.119140989729;2380.0;70
202605;15;718;412;306;2798.9635515320333;1933.25;106
202605;51;688;366;322;2855.987313868613;2302.61;44
202605;13;533;269;264;3904.598147448015;2500.0;5
202605;50;462;199;263;2757.479713024283;2000.0;-64
202605;21;391;208;183;2122.126923076923;1743.06;25
202605;25;356;186;170;3006.829353932584;1915.985;16
202605;22;325;147;178;2550.9898148148145;1716.245;-31
202605;24;320;183;137;2495.3659561128525;1726.54;46
202605;28;318;163;155;2716.778899371069;1764.03;8
202605;11;230;116;114;2281.2620869565217;1800.0;2
202605;27;220;124;96;2590.7988636363634;1688.77;28
202605;17;169;92;77;2349.7994047619045;1951.45;15
202605;16;114;71;43;2392.9038596491228;1637.21;28
202605;12;77;36;41;1911.0975324675328;1621.0;-5
202605;14;54;32;22;2143.9224074074077;1753.355;10
202605;99;2;2;0;2487.035;2487.035;2
202606;35;22806;11847;10959;7301.463476135963;4300.0;888
202606;31;5014;2377;2637;4522.304185953711;2500.0;-260
202606;33;3549;1741;1808;4975.354450084602;2620.0;-67
202606;42;3340;1777;1563;4899.525404433793;3000.0;214
202606;41;3188;1568;1620;4342.027166614371;2670.0;-52
202606;43;3065;1573;1492;5095.454030678851;3200.6400000000003;81
202606;53;1684;861;823;5933.195671819262;4389.73;38
202606;26;1611;880;731;3647.8444472049687;2229.165;149
202606;23;1551;795;756;3393.2789722042667;2092.5;39
202606;29;1532;893;639;2710.09391503268;1760.0;254
202606;52;1122;575;547;3065.7252857142857;2075.4;28
202606;32;1005;512;493;3811.238915422885;2200.0;19
202606;51;743;371;372;3660.280931174089;2431.5;-1
202606;15;705;326;379;2335.650283687943;1780.0;-53
202606;13;479;227;252;3984.112280334728;2490.835;-25
202606;50;470;226;244;2881.756180257511;2000.0;-18
202606;21;405;208;197;2460.7276543209878;1709.0;11
202606;25;362;181;181;2719.662908587258;1906.98;0
202606;22;311;174;137;2366.2058899676376;1750.0;37
202606;24;287;124;163;2521.37512195122;1772.0;-39
202606;28;252;119;133;2650.7072222222223;1817.82;-14
202606;27;245;148;97;2386.293714285714;1660.0;51
202606;11;218;104;114;2273.7542129629637;1785.0;-10
202606;17;189;84;105;2345.971111111111;1942.66;-21
202606;16;122;53;69;2238.857704918033;1744.265;-16
202606;12;75;26;49;2358.9456;1702.05;-23
202606;14;53;32;21;2389.802641509434;1798.4;11
