competencia;categoria_tech;registros;admissoes;desligamentos;ocupacoes;remuneracao_media;remuneracao_mediana;saldo_empregos
202507;Desenvolvimento de Software;19573;10595;8978;5;7609.698691469218;6500.0;1617
202507;Redes;14963;7526;7437;11;2554.6156359118986;1802.5;89
202507;Suporte Tecnico;14519;7670;6849;3;2917.83583540287;2342.295;821
202507;Infraestrutura;3779;1931;1848;5;4716.392650953389;2245.275;83
202507;Gestao de Tecnologia;2845;1218;1627;7;14331.941032781107;12120.28;-409
202507;Seguranca da Informacao;799;415;384;3;9995.441964956197;7500.0;31
202507;Dados e Banco de Dados;716;374;342;2;9225.976125874126;8130.0;32
202507;Cloud e DevOps;343;157;186;1;14136.455994152047;14000.0;-29
202507;Outras ocupacoes de Tecnologia;223;94;129;2;8214.088325581395;7000.0;-35
202508;Desenvolvimento de Software;20112;10639;9473;5;7574.988639509985;6500.0;1166
202508;Redes;15044;7740;7304;11;2636.074177468929;1856.58;436
202508;Suporte Tecnico;14686;7641;7045;3;3056.446870567376;2352.09;596
202508;Infraestrutura;3765;1862;1903;5;4943.556761394101;2372.0;-41
202508;Gestao de Tecnologia;2909;1291;1618;7;14524.201841652324;12500.0;-327
202508;Seguranca da Informacao;816;437;379;3;9651.019472392638;7500.0;58
202508;Dados e Banco de Dados;747;370;377;2;8764.846465053763;8000.0;-7
202508;Cloud e DevOps;329;184;145;1;13959.349969604862;13000.0;39
202508;Outras ocupacoes de Tecnologia;305;200;105;2;7298.2745;6562.0;95
202509;Desenvolvimento de Software;20080;10573;9507;5;7757.197270053342;6630.0;1066
202509;Redes;15255;7913;7342;11;2625.8297855686374;1843.03;571
202509;Suporte Tecnico;14168;7520;6648;3;3027.1880008476974;2352.09;872
202509;Infraestrutura;3672;2027;1645;5;4723.731614839062;2200.0;382
202509;Gestao de Tecnologia;2878;1273;1605;7;14648.119408284025;12276.46;-332
202509;Seguranca da Informacao;846;433;413;3;9475.247813238771;7290.5;20
202509;Dados e Banco de Dados;685;351;334;2;9318.071081871343;8579.75;17
202509;Cloud e DevOps;288;143;145;1;14208.715;14000.0;-2
202509;Outras ocupacoes de Tecnologia;170;101;69;2;9735.505325443786;8261.88;32
202510;Desenvolvimento de Software;19744;10106;9638;5;7695.397487564714;6600.0;468
202510;Redes;16467;8599;7868;11;2600.684448107448;1855.165;731
202510;Suporte Tecnico;15031;7810;7221;3;3026.5364161002267;2353.0;589
202510;Infraestrutura;4024;1966;2058;5;4957.837963609172;2419.7200000000003;-92
202510;Gestao de Tecnologia;2987;1316;1671;7;14705.441369127517;12872.91;-355
202510;Seguranca da Informacao;947;493;454;3;9679.69348468849;7987.33;39
202510;Dados e Banco de Dados;785;384;401;2;9022.890943877552;8769.0;-17
202510;Cloud e DevOps;389;216;173;1;14077.463453608249;13889.64;43
202510;Outras ocupacoes de Tecnologia;218;110;108;2;8725.44614678899;8080.0;2
202511;Desenvolvimento de Software;17059;9362;7697;5;7717.06255426493;6629.005;1665
202511;Redes;13843;7369;6474;11;2630.454480806908;1874.21;895
202511;Suporte Tecnico;12948;7007;5941;3;3013.694473887516;2387.64;1066
202511;Infraestrutura;3069;1580;1489;5;5018.574646234105;2368.3;91
202511;Gestao de Tecnologia;2522;1207;1315;7;14694.239297619048;12697.585;-108
202511;Seguranca da Informacao;771;426;345;3;9561.957935064936;7703.305;81
202511;Dados e Banco de Dados;693;388;305;2;9099.753492753624;8500.0;83
202511;Cloud e DevOps;277;155;122;1;14283.671227436824;13000.0;33
202511;Outras ocupacoes de Tecnologia;142;70;72;2;10179.10592857143;8668.965;-2
202512;Redes;15446;6057;9389;11;2545.628460538291;1917.88;-3332
202512;Desenvolvimento de Software;14661;6952;7709;5;7534.624568812354;6500.0;-757
202512;Suporte Tecnico;11345;5515;5830;3;2944.9243784737537;2352.09;-315
202512;Infraestrutura;2693;1120;1573;5;4667.017950148809;2342.64;-453
202512;Gestao de Tecnologia;2191;893;1298;7;14727.01131110096;12322.2;-405
202512;Seguranca da Informacao;629;327;302;3;9250.85597133758;7340.08;25
202512;Dados e Banco de Dados;585;296;289;2;9122.941278065631;8500.0;7
202512;Outras ocupacoes de Tecnologia;242;64;178;2;10392.177268907562;7979.005;-114
202512;Cloud e DevOps;235;117;118;1;14944.505574468085;14688.84;-1
202601;Desenvolvimento de Software;18837;9793;9044;5;7576.428706855162;6436.1;749
202601;Redes;14783;7658;7125;11;2565.1357883931014;1884.81;533
202601;Suporte Tecnico;13514;7161;6353;3;2985.1362383612664;2352.09;808
202601;Infraestrutura;3435;1769;1666;5;5513.828364963503;2368.3;103
202601;Gestao de Tecnologia;2889;1255;1634;7;14759.269616591147;12500.0;-379
202601;Seguranca da Informacao;802;434;368;3;9478.303559748429;7516.0;66
202601;Dados e Banco de Dados;712;361;351;2;9111.531172316383;8019.51;10
202601;Cloud e DevOps;324;151;173;1;15284.525758513932;14200.0;-22
202601;Outras ocupacoes de Tecnologia;200;110;90;2;9243.177512953367;8000.0;20
202602;Desenvolvimento de Software;17016;8439;8577;5;7362.624693492242;6156.26;-138
202602;Redes;14483;7614;6869;11;2541.8953827951;1883.05;745
202602;Suporte Tecnico;13937;7274;6663;3;2945.419453693694;2377.01;611
202602;Infraestrutura;3649;1802;1847;5;4444.834729172395;2446.17;-45
202602;Gestao de Tecnologia;2586;1030;1556;7;15219.291846094056;13000.0;-526
202602;Seguranca da Informacao;767;365;402;3;9921.620614379084;7800.0;-37
202602;Dados e Banco de Dados;620;311;309;2;8691.44720064725;7505.75;2
202602;Outras ocupacoes de Tecnologia;278;197;81;2;6809.644253731343;5000.0;116
202602;Cloud e DevOps;241;100;141;1;14779.592116182574;13219.31;-41
202603;Desenvolvimento de Software;18606;9347;9259;5;7635.350587918596;6456.375;88
202603;Redes;16484;8818;7666;11;2616.871101762088;1889.55;1152
202603;Suporte Tecnico;15445;8141;7304;3;3025.803115476885;2447.66;837
202603;Infraestrutura;4002;2187;1815;5;5048.659716720983;2332.0;372
202603;Gestao de Tecnologia;3003;1261;1742;7;14806.781670556851;12816.8;-481
202603;Seguranca da Informacao;875;440;435;3;10236.215378440367;8500.0;5
202603;Dados e Banco de Dados;719;372;347;2;9480.97880918221;8836.14;25
202603;Cloud e DevOps;294;148;146;1;14833.08044520548;14420.285;2
202603;Outras ocupacoes de Tecnologia;225;136;89;2;9639.570136363636;8000.0;47
202604;Desenvolvimento de Software;18628;9249;9379;5;8126.5965520206355;7000.0;-130
202604;Redes;15637;8101;7536;11;2632.085841106465;1919.94;565
202604;Suporte Tecnico;14475;7563;6912;3;3120.7964676995434;2481.17;651
202604;Infraestrutura;3950;2060;1890;5;4872.727945795339;2342.64;170
202604;Gestao de Tecnologia;2936;1234;1702;7;15510.369162965491;13594.72;-468
202604;Seguranca da Informacao;854;448;406;3;10324.692517564405;8658.2;42
202604;Dados e Banco de Dados;697;327;370;2;9798.30109352518;8832.74;-43
202604;Cloud e DevOps;314;155;159;1;14797.15342948718;14247.03;-4
202604;Outras ocupacoes de Tecnologia;199;114;85;2;8700.04276923077;7500.0;29
202605;Desenvolvimento de Software;17389;8731;8658;5;7901.253804385459;6838.54;73
202605;Redes;14296;6884;7412;11;2666.420200647705;1936.07;-528
202605;Suporte Tecnico;13446;6973;6473;3;3132.025409114641;2489.0;500
202605;Infraestrutura;3470;1613;1857;5;4794.91885170225;2368.3;-244
202605;Gestao de Tecnologia;2825;1215;1610;7;15075.085776353277;12805.6;-395
202605;Seguranca da Informacao;836;402;434;3;10860.666606714629;8821.805;-32
202605;Dados e Banco de Dados;655;321;334;2;9302.638021638331;8560.49;-13
202605;Cloud e DevOps;348;187;161;1;14208.731613832852;14107.9;26
202605;Outras ocupacoes de Tecnologia;164;83;81;2;9821.705925925926;9000.0;2
202606;Desenvolvimento de Software;17447;8973;8474;5;7838.400426703372;6658.139999999999;499
202606;Redes;14620;7226;7394;11;2668.862297269413;1946.26;-168
202606;Suporte Tecnico;14150;7549;6601;3;3117.129316076101;2500.0;948
202606;Infraestrutura;3454;1869;1585;5;4820.520787720822;2368.3;284
202606;Gestao de Tecnologia;2787;1188;1599;7;15261.327908567317;13000.0;-411
202606;Seguranca da Informacao;811;418;393;3;10090.868197530865;8244.119999999999;25
202606;Dados e Banco de Dados;658;340;318;2;9344.60290964778;8449.0;22
202606;Cloud e DevOps;267;152;115;1;14074.10433962264;14500.0;37
202606;Outras ocupacoes de Tecnologia;189;87;102;2;9062.54097826087;7944.0;-15
