codigo_cbo;ocupacao;familia_cbo;familia_cbo_titulo;categoria_tech;criterio;fonte;versao_mapeamento;incluido;status_revisao;registros_caged_202606
212425;Arquiteto de soluções de tecnologia da informação;2124;Analistas de tecnologia da informação;Cloud e DevOps;Arquitetura de solucoes de TI.;CBO2002 oficial MTE;v0.2;True;revisado_conservador;267
211220;Cientista de dados;2112;Profissionais de estatística e afins;Dados e Banco de Dados;Ciencia de dados.;CBO2002 oficial MTE;v0.2;True;revisado_conservador;184
212305;Administrador de banco de dados;2123;Administradores de tecnologia da informação;Dados e Banco de Dados;Administracao de banco de dados.;CBO2002 oficial MTE;v0.2;True;revisado_conservador;474
212205;Engenheiro de aplicativos em computação;2122;Engenheiros em computação;Desenvolvimento de Software;Engenharia de aplicativos em computacao.;CBO2002 oficial MTE;v0.2;True;revisado_conservador;582
212405;Analista de desenvolvimento de sistemas;2124;Analistas de tecnologia da informação;Desenvolvimento de Software;Analise e desenvolvimento de sistemas.;CBO2002 oficial MTE;v0.2;True;revisado_conservador;11048
212415;Analista de sistemas de automação;2124;Analistas de tecnologia da informação;Desenvolvimento de Software;Analise de sistemas de automacao.;CBO2002 oficial MTE;v0.2;True;revisado_conservador;498
212430;Analista de testes de tecnologia da informação;2124;Analistas de tecnologia da informação;Desenvolvimento de Software;Testes de tecnologia da informacao.;CBO2002 oficial MTE;v0.2;True;revisado_conservador;706
317110;Desenvolvedor de sistemas de tecnologia da informação (técnico);3171;Técnicos de desenvolvimento de sistemas e aplicações;Desenvolvimento de Software;Desenvolvimento tecnico de sistemas de TI.;CBO2002 oficial MTE;v0.2;True;revisado_conservador;4613
123605;Diretor de tecnologia da informação;1236;Diretores de tecnologia da informação;Gestao de Tecnologia;Diretoria de tecnologia da informacao.;CBO2002 oficial MTE;v0.2;True;revisado_conservador;103
142505;Gerente de infraestrutura de tecnologia da informação;1425;Gerentes de tecnologia da informação;Gestao de Tecnologia;Gestao de infraestrutura de TI.;CBO2002 oficial MTE;v0.2;True;revisado_conservador;274
142510;Gerente de desenvolvimento de sistemas;1425;Gerentes de tecnologia da informação;Gestao de Tecnologia;Gestao de desenvolvimento de sistemas.;CBO2002 oficial MTE;v0.2;True;revisado_conservador;545
142515;Gerente de operação de tecnologia da informação;1425;Gerentes de tecnologia da informação;Gestao de Tecnologia;Gestao de operacao de TI.;CBO2002 oficial MTE;v0.2;True;revisado_conservador;252
142520;Gerente de projetos de tecnologia da informação;1425;Gerentes de tecnologia da informação;Gestao de Tecnologia;Gestao de projetos de TI.;CBO2002 oficial MTE;v0.2;True;revisado_conservador;1081
142530;Gerente de suporte técnico de tecnologia da informação;1425;Gerentes de tecnologia da informação;Gestao de Tecnologia;Gestao de suporte tecnico de TI.;CBO2002 oficial MTE;v0.2;True;revisado_conservador;323
142535;Tecnólogo em gestão da tecnologia da informação;1425;Gerentes de tecnologia da informação;Gestao de Tecnologia;Gestao da tecnologia da informacao.;CBO2002 oficial MTE;v0.2;True;revisado_conservador;209
212210;Engenheiro de equipamentos em computação;2122;Engenheiros em computação;Infraestrutura;Engenharia de equipamentos em computacao.;CBO2002 oficial MTE;v0.2;True;revisado_conservador;23
212215;Engenheiros de sistemas operacionais em computação;2122;Engenheiros em computação;Infraestrutura;Engenharia de sistemas operacionais.;CBO2002 oficial MTE;v0.2;True;revisado_conservador;546
212315;Administrador de sistemas operacionais;2123;Administradores de tecnologia da informação;Infraestrutura;Administracao de sistemas operacionais.;CBO2002 oficial MTE;v0.2;True;revisado_conservador;288
317205;Operador de computador;3172;Técnicos de suporte e monitoração ao usuário de tecnologia da informação.;Infraestrutura;Operacao de computador.;CBO2002 oficial MTE;v0.2;True;revisado_conservador;1805
731110;Montador de equipamentos eletrônicos (computadores e equipamentos auxiliares);7311;Montadores de equipamentos eletroeletrônicos;Infraestrutura;Montagem de computadores e equipamentos auxiliares.;CBO2002 oficial MTE;v0.2;True;revisado_conservador;792
203105;Pesquisador em ciências da computação e informática;2031;Pesquisadores das ciências naturais e exatas;Outras ocupacoes de Tecnologia;Pesquisa em computacao e informatica.;CBO2002 oficial MTE;v0.2;True;revisado_conservador;137
234120;Professor de computação (no ensino superior);2341;Professores de matemática, estatística e informática do ensino superior;Outras ocupacoes de Tecnologia;Docencia superior em computacao.;CBO2002 oficial MTE;v0.2;True;revisado_conservador;52
212310;Administrador de redes;2123;Administradores de tecnologia da informação;Redes;Administracao de redes.;CBO2002 oficial MTE;v0.2;True;revisado_conservador;247
212410;Analista de redes e de comunicação de dados;2124;Analistas de tecnologia da informação;Redes;Analise de redes e comunicacao de dados.;CBO2002 oficial MTE;v0.2;True;revisado_conservador;2170
214350;Engenheiro de redes de comunicação;2143;Engenheiros eletricistas, eletrônicos e afins;Redes;Engenharia de redes de comunicacao.;CBO2002 oficial MTE;v0.2;True;revisado_conservador;17
313305;Técnico de comunicação de dados;3133;Técnicos em telecomunicações;Redes;Tecnico de comunicacao de dados.;CBO2002 oficial MTE;v0.2;True;revisado_conservador;470
313310;Técnico de rede (telecomunicações);3133;Técnicos em telecomunicações;Redes;Tecnico de rede em telecomunicacoes.;CBO2002 oficial MTE;v0.2;True;revisado_conservador;1939
372205;Operador de rede de teleprocessamento;3722;Operadores de rede de teleprocessamento e afins;Redes;Operacao de rede de teleprocessamento.;CBO2002 oficial MTE;v0.2;True;revisado_conservador;888
731320;Instalador-reparador de linhas e aparelhos de telecomunicações;7313;Instaladores-reparadores de  linhas e equipamentos de telecomunicações;Redes;Instalacao e reparo de linhas e aparelhos de telecomunicacoes.;CBO2002 oficial MTE;v0.2;True;revisado_conservador;1616
731325;Instalador-reparador de redes e cabos telefônicos;7313;Instaladores-reparadores de  linhas e equipamentos de telecomunicações;Redes;Instalacao e reparo de redes e cabos telefonicos.;CBO2002 oficial MTE;v0.2;True;revisado_conservador;761
731330;Reparador de aparelhos de telecomunicações em laboratório;7313;Instaladores-reparadores de  linhas e equipamentos de telecomunicações;Redes;Reparo de aparelhos de telecomunicacoes.;CBO2002 oficial MTE;v0.2;True;revisado_conservador;64
732105;Eletricista de manutenção de linhas elétricas, telefônicas e de comunicação de dados;7321;Instaladores e reparadores de linhas e cabos elétricos, telefônicos e de comunicação de dados;Redes;Manutencao de linhas telefonicas e comunicacao de dados.;CBO2002 oficial MTE;v0.2;True;revisado_conservador;1482
732130;Instalador-reparador de redes telefônicas e de comunicação de dados;7321;Instaladores e reparadores de linhas e cabos elétricos, telefônicos e de comunicação de dados;Redes;Instalacao e reparo de redes telefonicas e comunicacao de dados.;CBO2002 oficial MTE;v0.2;True;revisado_conservador;4966
142135;Oficial de proteção de dados pessoais (dpo);1421;Gerentes administrativos, financeiros, de riscos e afins;Seguranca da Informacao;Protecao de dados pessoais e governanca de dados.;CBO2002 oficial MTE;v0.2;True;revisado_conservador;9
142525;Gerente de segurança da informação;1425;Gerentes de tecnologia da informação;Seguranca da Informacao;Gestao de seguranca da informacao.;CBO2002 oficial MTE;v0.2;True;revisado_conservador;63
212320;Administrador em segurança da informação;2123;Administradores de tecnologia da informação;Seguranca da Informacao;Administracao de seguranca da informacao.;CBO2002 oficial MTE;v0.2;True;revisado_conservador;739
212420;Analista de suporte computacional;2124;Analistas de tecnologia da informação;Suporte Tecnico;Analise de suporte computacional.;CBO2002 oficial MTE;v0.2;True;revisado_conservador;5419
313220;Técnico em manutenção de equipamentos de informática;3132;Técnicos em eletrônica;Suporte Tecnico;Manutencao de equipamentos de informatica.;CBO2002 oficial MTE;v0.2;True;revisado_conservador;2467
317210;Técnico de suporte ao usuário de tecnologia da informação;3172;Técnicos de suporte e monitoração ao usuário de tecnologia da informação.;Suporte Tecnico;Suporte ao usuario de TI.;CBO2002 oficial MTE;v0.2;True;revisado_conservador;6264
